[
  {
    "id": "11",
    "img": "images/shop/11.jpg",
    "info": "连栋大棚",
    "type": "连栋大棚"
  },
  {
    "id": "12",
    "img": "images/shop/12.jpg",
    "info": "连栋大棚",
    "type": "连栋大棚"
  },
  {
    "id": "13",
    "img": "images/shop/13.jpg",
    "info": "连栋大棚",
    "type": "连栋大棚"
  },
  {
    "id": "14",
    "img": "images/shop/14.jpg",
    "info": "连栋大棚",
    "type": "连栋大棚"
  },
  {
    "id": "15",
    "img": "images/shop/15.jpg",
    "info": "连栋大棚",
    "type": "连栋大棚"
  },
  {
    "id": "16",
    "img": "images/shop/16.jpg",
    "info": "连栋大棚",
    "type": "连栋大棚"
  },
  {
    "id": "21",
    "img": "images/shop/21.jpg",
    "info": "拱形大棚",
    "type": "拱形大棚"
  },
  {
    "id": "22",
    "img": "images/shop/22.jpg",
    "info": "拱形大棚",
    "type": "拱形大棚"
  },
  {
    "id": "23",
    "img": "images/shop/23.jpg",
    "info": "拱形大棚",
    "type": "拱形大棚"
  },
  {
    "id": "24",
    "img": "images/shop/24.jpg",
    "info": "拱形大棚",
    "type": "拱形大棚"
  },
  {
    "id": "25",
    "img": "images/shop/25.jpg",
    "info": "拱形大棚",
    "type": "拱形大棚"
  },
  {
    "id": "26",
    "img": "images/shop/26.jpg",
    "info": "拱形大棚",
    "type": "拱形大棚"
  },
  {
    "id": "31",
    "img": "images/shop/31.jpg",
    "info": "蔬菜大棚",
    "type": "蔬菜大棚"
  },
  {
    "id": "32",
    "img": "images/shop/32.jpg",
    "info": "蔬菜大棚",
    "type": "蔬菜大棚"
  },
  {
    "id": "33",
    "img": "images/shop/33.jpg",
    "info": "蔬菜大棚",
    "type": "蔬菜大棚"
  },
  {
    "id": "34",
    "img": "images/shop/34.jpg",
    "info": "蔬菜大棚",
    "type": "蔬菜大棚"
  },
  {
    "id": "35",
    "img": "images/shop/35.jpg",
    "info": "蔬菜大棚",
    "type": "蔬菜大棚"
  },
  {
    "id": "36",
    "img": "images/shop/36.jpg",
    "info": "蔬菜大棚",
    "type": "蔬菜大棚"
  },
  {
    "id": "41",
    "img": "images/shop/41.jpg",
    "info": "花卉大棚",
    "type": "花卉大棚"
  },
  {
    "id": "42",
    "img": "images/shop/42.jpg",
    "info": "花卉大棚",
    "type": "花卉大棚"
  },
  {
    "id": "43",
    "img": "images/shop/43.jpg",
    "info": "花卉大棚",
    "type": "花卉大棚"
  },
  {
    "id": "44",
    "img": "images/shop/44.jpg",
    "info": "花卉大棚",
    "type": "花卉大棚"
  },
  {
    "id": "45",
    "img": "images/shop/45.jpg",
    "info": "花卉大棚",
    "type": "花卉大棚"
  },
  {
    "id": "46",
    "img": "images/shop/46.jpg",
    "info": "花卉大棚",
    "type": "花卉大棚"
  },
  {
    "id": "51",
    "img": "images/shop/51.jpg",
    "info": "温室配件",
    "type": "温室配件"
  },
  {
    "id": "52",
    "img": "images/shop/52.jpg",
    "info": "温室配件",
    "type": "温室配件"
  },
  {
    "id": "53",
    "img": "images/shop/53.jpg",
    "info": "温室配件",
    "type": "温室配件"
  },
  {
    "id": "54",
    "img": "images/shop/54.jpg",
    "info": "温室配件",
    "type": "温室配件"
  },
  {
    "id": "55",
    "img": "images/shop/55.jpg",
    "info": "温室配件",
    "type": "温室配件"
  },
  {
    "id": "56",
    "img": "images/shop/56.jpg",
    "info": "温室配件",
    "type": "温室配件"
  },
  {
    "id": "61",
    "img": "images/shop/61.jpg",
    "info": "养殖大棚",
    "type": "养殖大棚"
  },
  {
    "id": "62",
    "img": "images/shop/62.jpg",
    "info": "养殖大棚",
    "type": "养殖大棚"
  },
  {
    "id": "63",
    "img": "images/shop/63.jpg",
    "info": "养殖大棚",
    "type": "养殖大棚"
  },
  {
    "id": "64",
    "img": "images/shop/64.jpg",
    "info": "养殖大棚",
    "type": "养殖大棚"
  },
  {
    "id": "65",
    "img": "images/shop/65.jpg",
    "info": "养殖大棚",
    "type": "养殖大棚"
  },
  {
    "id": "66",
    "img": "images/shop/66.jpg",
    "info": "养殖大棚",
    "type": "养殖大棚"
  }
]
